Year,Mean_Max_Temp,Mean_Min_Temp,Median_Rainfall
1851,11.364684516396846,5.5987996402379965,195.0
1851,11.364684516396846,5.5987996402379965,55.2
1851,11.364684516396846,5.5987996402379965,79.9
1851,11.364684516396846,5.5987996402379965,54.7
1851,11.364684516396846,5.5987996402379965,45.0
1851,11.364684516396846,5.5987996402379965,101.5
1851,11.364684516396846,5.5987996402379965,90.3
1851,11.364684516396846,5.5987996402379965,96.6
1851,11.364684516396846,5.5987996402379965,49.4
1851,11.364684516396846,5.5987996402379965,113.4
1851,11.364684516396846,5.5987996402379965,45.4
1851,11.364684516396846,5.5987996402379965,68.8
1852,10.665625588844922,4.882094403617863,161.4
1852,10.665625588844922,4.882094403617863,92.4
1852,10.665625588844922,4.882094403617863,44.6
1852,10.665625588844922,4.882094403617863,44.4
1852,10.665625588844922,4.882094403617863,70.2
1852,10.665625588844922,4.882094403617863,179.4
1852,10.665625588844922,4.882094403617863,68.6
1852,10.665625588844922,4.882094403617863,110.1
1852,10.665625588844922,4.882094403617863,57.3
1852,10.665625588844922,4.882094403617863,88.7
1852,10.665625588844922,4.882094403617863,223.2
1852,10.665625588844922,4.882094403617863,208.2
1853,,,144.7
1853,,,43.0
1853,,,83.5
1853,,,75.3
1853,,,33.2
1853,,,77.5
1853,,,100.5
1853,,,82.9
1853,,,60.2
1853,,,185.1
1853,,,106.0
1853,,,48.4
1854,,,138.6
1854,,,36.0
1854,,,37.3
1854,,,18.8
1854,,,100.0
1854,,,110.4
1854,,,102.6
1854,,,60.5
1854,,,47.8
1854,,,77.8
1854,,,74.6
1854,,,94.9
1855,12.21317365269461,5.641616766467066,16.5
1855,12.21317365269461,5.641616766467066,59.1
1855,12.21317365269461,5.641616766467066,86.0
1855,12.21317365269461,5.641616766467066,36.7
1855,12.21317365269461,5.641616766467066,79.8
1855,12.21317365269461,5.641616766467066,68.2
1855,12.21317365269461,5.641616766467066,84.1
1855,12.21317365269461,5.641616766467066,105.0
1855,12.21317365269461,5.641616766467066,50.7
1855,12.21317365269461,5.641616766467066,103.2
1855,12.21317365269461,5.641616766467066,49.2
1855,12.21317365269461,5.641616766467066,87.4
1856,12.377322404371586,5.988219178082192,111.6
1856,12.377322404371586,5.988219178082192,82.0
1856,12.377322404371586,5.988219178082192,35.9
1856,12.377322404371586,5.988219178082192,76.2
1856,12.377322404371586,5.988219178082192,124.1
1856,12.377322404371586,5.988219178082192,59.6
1856,12.377322404371586,5.988219178082192,44.7
1856,12.377322404371586,5.988219178082192,87.7
1856,12.377322404371586,5.988219178082192,91.7
1856,12.377322404371586,5.988219178082192,82.4
1856,12.377322404371586,5.988219178082192,39.3
1856,12.377322404371586,5.988219178082192,115.3
1857,13.479999999999999,6.929589041095891,97.2
1857,13.479999999999999,6.929589041095891,56.7
1857,13.479999999999999,6.929589041095891,98.3
1857,13.479999999999999,6.929589041095891,118.7
1857,13.479999999999999,6.929589041095891,53.8
1857,13.479999999999999,6.929589041095891,81.7
1857,13.479999999999999,6.929589041095891,59.4
1857,13.479999999999999,6.929589041095891,66.4
1857,13.479999999999999,6.929589041095891,90.6
1857,13.479999999999999,6.929589041095891,80.4
1857,13.479999999999999,6.929589041095891,95.7
1857,13.479999999999999,6.929589041095891,64.4
1858,13.073424657534247,6.332054794520547,61.4
1858,13.073424657534247,6.332054794520547,69.7
1858,13.073424657534247,6.332054794520547,51.7
1858,13.073424657534247,6.332054794520547,143.5
1858,13.073424657534247,6.332054794520547,86.4
1858,13.073424657534247,6.332054794520547,43.0
1858,13.073424657534247,6.332054794520547,83.0
1858,13.073424657534247,6.332054794520547,69.5
1858,13.073424657534247,6.332054794520547,85.3
1858,13.073424657534247,6.332054794520547,83.2
1858,13.073424657534247,6.332054794520547,68.6
1858,13.073424657534247,6.332054794520547,141.1
1859,13.152328767123288,6.416164383561644,89.8
1859,13.152328767123288,6.416164383561644,51.0
1859,13.152328767123288,6.416164383561644,90.1
1859,13.152328767123288,6.416164383561644,106.9
1859,13.152328767123288,6.416164383561644,16.3
1859,13.152328767123288,6.416164383561644,36.5
1859,13.152328767123288,6.416164383561644,63.1
1859,13.152328767123288,6.416164383561644,90.3
1859,13.152328767123288,6.416164383561644,132.4
1859,13.152328767123288,6.416164383561644,76.9
1859,13.152328767123288,6.416164383561644,120.0
1859,13.152328767123288,6.416164383561644,115.9
1860,11.475409836065573,5.386612021857924,164.6
1860,11.475409836065573,5.386612021857924,52.1
1860,11.475409836065573,5.386612021857924,86.2
1860,11.475409836065573,5.386612021857924,56.4
1860,11.475409836065573,5.386612021857924,101.4
1860,11.475409836065573,5.386612021857924,154.4
1860,11.475409836065573,5.386612021857924,68.3
1860,11.475409836065573,5.386612021857924,152.2
1860,11.475409836065573,5.386612021857924,52.3
1860,11.475409836065573,5.386612021857924,76.7
1860,11.475409836065573,5.386612021857924,90.9
1860,11.475409836065573,5.386612021857924,88.4
1861,13.688891135956041,6.264582363490671,88.9
1861,13.688891135956041,6.264582363490671,90.3
1861,13.688891135956041,6.264582363490671,120.5
1861,13.688891135956041,6.264582363490671,36.0
1861,13.688891135956041,6.264582363490671,18.2
1861,13.688891135956041,6.264582363490671,99.4
1861,13.688891135956041,6.264582363490671,164.4
1861,13.688891135956041,6.264582363490671,165.0
1861,13.688891135956041,6.264582363490671,174.7
1861,13.688891135956041,6.264582363490671,99.2
1861,13.688891135956041,6.264582363490671,114.5
1861,13.688891135956041,6.264582363490671,78.5
1862,13.365384615384615,4.969060773480662,158.9
1862,13.365384615384615,4.969060773480662,41.5
1862,13.365384615384615,4.969060773480662,104.2
1862,13.365384615384615,4.969060773480662,100.0
1862,13.365384615384615,4.969060773480662,100.5
1862,13.365384615384615,4.969060773480662,91.4
1862,13.365384615384615,4.969060773480662,100.2
1862,13.365384615384615,4.969060773480662,76.7
1862,13.365384615384615,4.969060773480662,63.8
1862,13.365384615384615,4.969060773480662,152.4
1862,13.365384615384615,4.969060773480662,87.8
1862,13.365384615384615,4.969060773480662,126.7
1863,14.676616044465842,5.618043308553483,104.0
1863,14.676616044465842,5.618043308553483,47.3
1863,14.676616044465842,5.618043308553483,100.7
1863,14.676616044465842,5.618043308553483,55.5
1863,14.676616044465842,5.618043308553483,59.5
1863,14.676616044465842,5.618043308553483,83.9
1863,14.676616044465842,5.618043308553483,26.7
1863,14.676616044465842,5.618043308553483,124.9
1863,14.676616044465842,5.618043308553483,114.5
1863,14.676616044465842,5.618043308553483,172.7
1863,14.676616044465842,5.618043308553483,124.0
1863,14.676616044465842,5.618043308553483,94.7
1864,14.23087431693989,4.856284153005465,79.9
1864,14.23087431693989,4.856284153005465,51.2
1864,14.23087431693989,4.856284153005465,88.2
1864,14.23087431693989,4.856284153005465,45.8
1864,14.23087431693989,4.856284153005465,52.6
1864,14.23087431693989,4.856284153005465,80.0
1864,14.23087431693989,4.856284153005465,39.7
1864,14.23087431693989,4.856284153005465,54.8
1864,14.23087431693989,4.856284153005465,96.8
1864,14.23087431693989,4.856284153005465,97.4
1864,14.23087431693989,4.856284153005465,156.6
1864,14.23087431693989,4.856284153005465,81.8
1865,14.985616438356164,5.554775978203285,120.4
1865,14.985616438356164,5.554775978203285,92.1
1865,14.985616438356164,5.554775978203285,78.6
1865,14.985616438356164,5.554775978203285,36.2
1865,14.985616438356164,5.554775978203285,111.1
1865,14.985616438356164,5.554775978203285,26.0
1865,14.985616438356164,5.554775978203285,85.2
1865,14.985616438356164,5.554775978203285,126.5
1865,14.985616438356164,5.554775978203285,29.6
1865,14.985616438356164,5.554775978203285,144.7
1865,14.985616438356164,5.554775978203285,161.3
1865,14.985616438356164,5.554775978203285,127.2
1866,14.538356164383561,4.876301369863014,146.9
1866,14.538356164383561,4.876301369863014,84.6
1866,14.538356164383561,4.876301369863014,100.3
1866,14.538356164383561,4.876301369863014,68.4
1866,14.538356164383561,4.876301369863014,46.5
1866,14.538356164383561,4.876301369863014,89.2
1866,14.538356164383561,4.876301369863014,47.7
1866,14.538356164383561,4.876301369863014,112.0
1866,14.538356164383561,4.876301369863014,129.2
1866,14.538356164383561,4.876301369863014,69.2
1866,14.538356164383561,4.876301369863014,89.2
1866,14.538356164383561,4.876301369863014,118.4
1867,14.118767123287672,5.303013698630137,104.6
1867,14.118767123287672,5.303013698630137,89.6
1867,14.118767123287672,5.303013698630137,83.3
1867,14.118767123287672,5.303013698630137,97.1
1867,14.118767123287672,5.303013698630137,106.9
1867,14.118767123287672,5.303013698630137,33.8
1867,14.118767123287672,5.303013698630137,99.6
1867,14.118767123287672,5.303013698630137,85.8
1867,14.118767123287672,5.303013698630137,71.9
1867,14.118767123287672,5.303013698630137,144.9
1867,14.118767123287672,5.303013698630137,32.5
1867,14.118767123287672,5.303013698630137,62.7
1868,14.833060109289617,5.325409836065575,132.1
1868,14.833060109289617,5.325409836065575,80.2
1868,14.833060109289617,5.325409836065575,104.7
1868,14.833060109289617,5.325409836065575,69.1
1868,14.833060109289617,5.325409836065575,69.7
1868,14.833060109289617,5.325409836065575,35.0
1868,14.833060109289617,5.325409836065575,40.8
1868,14.833060109289617,5.325409836065575,130.1
1868,14.833060109289617,5.325409836065575,91.5
1868,14.833060109289617,5.325409836065575,92.1
1868,14.833060109289617,5.325409836065575,109.3
1868,14.833060109289617,5.325409836065575,192.8
1869,14.27205479452055,5.309981935872346,149.5
1869,14.27205479452055,5.309981935872346,101.3
1869,14.27205479452055,5.309981935872346,76.2
1869,14.27205479452055,5.309981935872346,73.3
1869,14.27205479452055,5.309981935872346,95.5
1869,14.27205479452055,5.309981935872346,28.1
1869,14.27205479452055,5.309981935872346,62.4
1869,14.27205479452055,5.309981935872346,42.6
1869,14.27205479452055,5.309981935872346,159.3
1869,14.27205479452055,5.309981935872346,41.8
1869,14.27205479452055,5.309981935872346,103.0
1869,14.27205479452055,5.309981935872346,142.2
1870,14.216575342465752,4.868767123287672,106.6
1870,14.216575342465752,4.868767123287672,79.0
1870,14.216575342465752,4.868767123287672,60.0
1870,14.216575342465752,4.868767123287672,41.0
1870,14.216575342465752,4.868767123287672,74.5
1870,14.216575342465752,4.868767123287672,31.6
1870,14.216575342465752,4.868767123287672,41.5
1870,14.216575342465752,4.868767123287672,60.4
1870,14.216575342465752,4.868767123287672,81.8
1870,14.216575342465752,4.868767123287672,207.1
1870,14.216575342465752,4.868767123287672,69.3
1870,14.216575342465752,4.868767123287672,76.1
1871,12.72967999101729,4.394521670783742,125.9
1871,12.72967999101729,4.394521670783742,93.7
1871,12.72967999101729,4.394521670783742,69.3
1871,12.72967999101729,4.394521670783742,106.2
1871,12.72967999101729,4.394521670783742,26.3
1871,12.72967999101729,4.394521670783742,81.6
1871,12.72967999101729,4.394521670783742,148.2
1871,12.72967999101729,4.394521670783742,74.8
1871,12.72967999101729,4.394521670783742,83.3
1871,12.72967999101729,4.394521670783742,111.0
1871,12.72967999101729,4.394521670783742,80.0
1871,12.72967999101729,4.394521670783742,76.1
1872,14.283060109289618,5.126502732240437,152.9
1872,14.283060109289618,5.126502732240437,117.6
1872,14.283060109289618,5.126502732240437,89.5
1872,14.283060109289618,5.126502732240437,69.3
1872,14.283060109289618,5.126502732240437,56.7
1872,14.283060109289618,5.126502732240437,110.5
1872,14.283060109289618,5.126502732240437,88.2
1872,14.283060109289618,5.126502732240437,115.7
1872,14.283060109289618,5.126502732240437,124.6
1872,14.283060109289618,5.126502732240437,140.0
1872,14.283060109289618,5.126502732240437,145.2
1872,14.283060109289618,5.126502732240437,194.7
1873,13.837808219178083,4.915342465753424,160.0
1873,13.837808219178083,4.915342465753424,43.9
1873,13.837808219178083,4.915342465753424,91.7
1873,13.837808219178083,4.915342465753424,38.8
1873,13.837808219178083,4.915342465753424,57.6
1873,13.837808219178083,4.915342465753424,50.0
1873,13.837808219178083,4.915342465753424,134.0
1873,13.837808219178083,4.915342465753424,151.7
1873,13.837808219178083,4.915342465753424,94.5
1873,13.837808219178083,4.915342465753424,112.7
1873,13.837808219178083,4.915342465753424,75.2
1873,13.837808219178083,4.915342465753424,35.4
1874,14.059999999999999,4.866849315068493,81.2
1874,14.059999999999999,4.866849315068493,80.6
1874,14.059999999999999,4.866849315068493,54.1
1874,14.059999999999999,4.866849315068493,62.0
1874,14.059999999999999,4.866849315068493,38.9
1874,14.059999999999999,4.866849315068493,43.0
1874,14.059999999999999,4.866849315068493,82.0
1874,14.059999999999999,4.866849315068493,120.5
1874,14.059999999999999,4.866849315068493,107.6
1874,14.059999999999999,4.866849315068493,137.9
1874,14.059999999999999,4.866849315068493,118.7
1874,14.059999999999999,4.866849315068493,122.4
1875,14.381369863013699,5.203287671232877,166.6
1875,14.381369863013699,5.203287671232877,53.1
1875,14.381369863013699,5.203287671232877,40.6
1875,14.381369863013699,5.203287671232877,35.4
1875,14.381369863013699,5.203287671232877,67.9
1875,14.381369863013699,5.203287671232877,94.8
1875,14.381369863013699,5.203287671232877,79.0
1875,14.381369863013699,5.203287671232877,81.6
1875,14.381369863013699,5.203287671232877,149.1
1875,14.381369863013699,5.203287671232877,173.1
1875,14.381369863013699,5.203287671232877,118.5
1875,14.381369863013699,5.203287671232877,66.1
1876,14.383606557377048,5.121584699453552,56.0
1876,14.383606557377048,5.121584699453552,134.4
1876,14.383606557377048,5.121584699453552,111.2
1876,14.383606557377048,5.121584699453552,81.4
1876,14.383606557377048,5.121584699453552,20.1
1876,14.383606557377048,5.121584699453552,51.8
1876,14.383606557377048,5.121584699453552,51.9
1876,14.383606557377048,5.121584699453552,103.3
1876,14.383606557377048,5.121584699453552,125.7
1876,14.383606557377048,5.121584699453552,134.8
1876,14.383606557377048,5.121584699453552,131.2
1876,14.383606557377048,5.121584699453552,205.0
1877,14.21041095890411,5.18986301369863,170.9
1877,14.21041095890411,5.18986301369863,74.2
1877,14.21041095890411,5.18986301369863,86.2
1877,14.21041095890411,5.18986301369863,118.2
1877,14.21041095890411,5.18986301369863,76.3
1877,14.21041095890411,5.18986301369863,83.4
1877,14.21041095890411,5.18986301369863,82.8
1877,14.21041095890411,5.18986301369863,141.5
1877,14.21041095890411,5.18986301369863,79.3
1877,14.21041095890411,5.18986301369863,136.3
1877,14.21041095890411,5.18986301369863,162.4
1877,14.21041095890411,5.18986301369863,118.4
1878,14.176712328767124,5.174520547945206,94.8
1878,14.176712328767124,5.174520547945206,62.4
1878,14.176712328767124,5.174520547945206,46.3
1878,14.176712328767124,5.174520547945206,75.4
1878,14.176712328767124,5.174520547945206,122.0
1878,14.176712328767124,5.174520547945206,133.9
1878,14.176712328767124,5.174520547945206,40.5
1878,14.176712328767124,5.174520547945206,114.8
1878,14.176712328767124,5.174520547945206,92.7
1878,14.176712328767124,5.174520547945206,107.7
1878,14.176712328767124,5.174520547945206,66.1
1878,14.176712328767124,5.174520547945206,67.4
1879,12.018356164383562,3.992541436464088,101.7
1879,12.018356164383562,3.992541436464088,120.4
1879,12.018356164383562,3.992541436464088,55.1
1879,12.018356164383562,3.992541436464088,70.5
1879,12.018356164383562,3.992541436464088,71.0
1879,12.018356164383562,3.992541436464088,155.0
1879,12.018356164383562,3.992541436464088,119.9
1879,12.018356164383562,3.992541436464088,122.6
1879,12.018356164383562,3.992541436464088,121.6
1879,12.018356164383562,3.992541436464088,47.4
1879,12.018356164383562,3.992541436464088,28.6
1879,12.018356164383562,3.992541436464088,56.5
1880,13.39808181750131,5.792958679541882,47.7
1880,13.39808181750131,5.792958679541882,107.4
1880,13.39808181750131,5.792958679541882,91.9
1880,13.39808181750131,5.792958679541882,100.7
1880,13.39808181750131,5.792958679541882,37.4
1880,13.39808181750131,5.792958679541882,88.5
1880,13.39808181750131,5.792958679541882,146.3
1880,13.39808181750131,5.792958679541882,52.0
1880,13.39808181750131,5.792958679541882,84.8
1880,13.39808181750131,5.792958679541882,85.8
1880,13.39808181750131,5.792958679541882,133.4
1880,13.39808181750131,5.792958679541882,99.2
1881,12.583981140129612,5.245162016376266,36.5
1881,12.583981140129612,5.245162016376266,118.1
1881,12.583981140129612,5.245162016376266,103.5
1881,12.583981140129612,5.245162016376266,45.2
1881,12.583981140129612,5.245162016376266,66.8
1881,12.583981140129612,5.245162016376266,128.1
1881,12.583981140129612,5.245162016376266,69.6
1881,12.583981140129612,5.245162016376266,130.3
1881,12.583981140129612,5.245162016376266,74.4
1881,12.583981140129612,5.245162016376266,103.8
1881,12.583981140129612,5.245162016376266,146.7
1881,12.583981140129612,5.245162016376266,125.4
1882,11.416584276354973,5.009764740917213,80.2
1882,11.416584276354973,5.009764740917213,94.5
1882,11.416584276354973,5.009764740917213,84.2
1882,11.416584276354973,5.009764740917213,117.6
1882,11.416584276354973,5.009764740917213,77.3
1882,11.416584276354973,5.009764740917213,97.3
1882,11.416584276354973,5.009764740917213,138.7
1882,11.416584276354973,5.009764740917213,90.8
1882,11.416584276354973,5.009764740917213,91.8
1882,11.416584276354973,5.009764740917213,115.7
1882,11.416584276354973,5.009764740917213,148.3
1882,11.416584276354973,5.009764740917213,116.2
1883,12.794316256235646,5.5297375089080685,167.2
1883,12.794316256235646,5.5297375089080685,174.4
1883,12.794316256235646,5.5297375089080685,49.1
1883,12.794316256235646,5.5297375089080685,66.7
1883,12.794316256235646,5.5297375089080685,62.3
1883,12.794316256235646,5.5297375089080685,59.8
1883,12.794316256235646,5.5297375089080685,108.0
1883,12.794316256235646,5.5297375089080685,109.7
1883,12.794316256235646,5.5297375089080685,134.1
1883,12.794316256235646,5.5297375089080685,99.4
1883,12.794316256235646,5.5297375089080685,127.0
1883,12.794316256235646,5.5297375089080685,57.0
1884,13.265846994535519,6.289344262295082,145.0
1884,13.265846994535519,6.289344262295082,156.7
1884,13.265846994535519,6.289344262295082,117.9
1884,13.265846994535519,6.289344262295082,45.2
1884,13.265846994535519,6.289344262295082,71.9
1884,13.265846994535519,6.289344262295082,26.3
1884,13.265846994535519,6.289344262295082,94.4
1884,13.265846994535519,6.289344262295082,49.6
1884,13.265846994535519,6.289344262295082,72.2
1884,13.265846994535519,6.289344262295082,73.1
1884,13.265846994535519,6.289344262295082,97.3
1884,13.265846994535519,6.289344262295082,116.6
1885,12.591780821917808,5.368082191780822,98.2
1885,12.591780821917808,5.368082191780822,127.0
1885,12.591780821917808,5.368082191780822,75.9
1885,12.591780821917808,5.368082191780822,90.2
1885,12.591780821917808,5.368082191780822,72.4
1885,12.591780821917808,5.368082191780822,30.3
1885,12.591780821917808,5.368082191780822,56.9
1885,12.591780821917808,5.368082191780822,84.0
1885,12.591780821917808,5.368082191780822,144.0
1885,12.591780821917808,5.368082191780822,115.2
1885,12.591780821917808,5.368082191780822,74.4
1885,12.591780821917808,5.368082191780822,46.7
1886,12.492602739726028,5.704657534246575,112.6
1886,12.492602739726028,5.704657534246575,82.6
1886,12.492602739726028,5.704657534246575,100.7
1886,12.492602739726028,5.704657534246575,62.8
1886,12.492602739726028,5.704657534246575,111.8
1886,12.492602739726028,5.704657534246575,44.0
1886,12.492602739726028,5.704657534246575,103.1
1886,12.492602739726028,5.704657534246575,75.6
1886,12.492602739726028,5.704657534246575,109.2
1886,12.492602739726028,5.704657534246575,150.9
1886,12.492602739726028,5.704657534246575,91.3
1886,12.492602739726028,5.704657534246575,146.1
1887,13.28041095890411,5.508082191780822,102.2
1887,13.28041095890411,5.508082191780822,47.4
1887,13.28041095890411,5.508082191780822,45.3
1887,13.28041095890411,5.508082191780822,49.8
1887,13.28041095890411,5.508082191780822,38.8
1887,13.28041095890411,5.508082191780822,14.9
1887,13.28041095890411,5.508082191780822,71.6
1887,13.28041095890411,5.508082191780822,84.4
1887,13.28041095890411,5.508082191780822,85.5
1887,13.28041095890411,5.508082191780822,69.9
1887,13.28041095890411,5.508082191780822,94.4
1887,13.28041095890411,5.508082191780822,84.8
1888,12.698119044393263,5.713161044122296,89.7
1888,12.698119044393263,5.713161044122296,25.7
1888,12.698119044393263,5.713161044122296,98.3
1888,12.698119044393263,5.713161044122296,55.9
1888,12.698119044393263,5.713161044122296,76.7
1888,12.698119044393263,5.713161044122296,121.9
1888,12.698119044393263,5.713161044122296,139.8
1888,12.698119044393263,5.713161044122296,88.4
1888,12.698119044393263,5.713161044122296,33.2
1888,12.698119044393263,5.713161044122296,65.0
1888,12.698119044393263,5.713161044122296,129.3
1888,12.698119044393263,5.713161044122296,142.0
1889,13.262124416679212,6.21738333584224,90.3
1889,13.262124416679212,6.21738333584224,81.1
1889,13.262124416679212,6.21738333584224,50.5
1889,13.262124416679212,6.21738333584224,74.6
1889,13.262124416679212,6.21738333584224,102.7
1889,13.262124416679212,6.21738333584224,28.0
1889,13.262124416679212,6.21738333584224,63.7
1889,13.262124416679212,6.21738333584224,160.4
1889,13.262124416679212,6.21738333584224,55.1
1889,13.262124416679212,6.21738333584224,135.2
1889,13.262124416679212,6.21738333584224,57.5
1889,13.262124416679212,6.21738333584224,109.1
1890,13.183366332834503,6.1596976324776485,143.3
1890,13.183366332834503,6.1596976324776485,45.7
1890,13.183366332834503,6.1596976324776485,97.9
1890,13.183366332834503,6.1596976324776485,45.9
1890,13.183366332834503,6.1596976324776485,75.9
1890,13.183366332834503,6.1596976324776485,88.2
1890,13.183366332834503,6.1596976324776485,73.1
1890,13.183366332834503,6.1596976324776485,84.7
1890,13.183366332834503,6.1596976324776485,85.3
1890,13.183366332834503,6.1596976324776485,65.0
1890,13.183366332834503,6.1596976324776485,171.8
1890,13.183366332834503,6.1596976324776485,70.3
1891,13.00054794520548,5.527123287671233,58.7
1891,13.00054794520548,5.527123287671233,10.1
1891,13.00054794520548,5.527123287671233,48.5
1891,13.00054794520548,5.527123287671233,61.4
1891,13.00054794520548,5.527123287671233,87.7
1891,13.00054794520548,5.527123287671233,74.2
1891,13.00054794520548,5.527123287671233,53.6
1891,13.00054794520548,5.527123287671233,161.3
1891,13.00054794520548,5.527123287671233,82.9
1891,13.00054794520548,5.527123287671233,141.8
1891,13.00054794520548,5.527123287671233,103.1
1891,13.00054794520548,5.527123287671233,158.8
1892,12.50352766874471,5.013703147848842,70.9
1892,12.50352766874471,5.013703147848842,81.0
1892,12.50352766874471,5.013703147848842,27.9
1892,12.50352766874471,5.013703147848842,32.6
1892,12.50352766874471,5.013703147848842,112.3
1892,12.50352766874471,5.013703147848842,70.7
1892,12.50352766874471,5.013703147848842,90.1
1892,12.50352766874471,5.013703147848842,164.6
1892,12.50352766874471,5.013703147848842,101.3
1892,12.50352766874471,5.013703147848842,89.7
1892,12.50352766874471,5.013703147848842,134.3
1892,12.50352766874471,5.013703147848842,74.8
1893,14.312465753424657,6.436712328767124,88.3
1893,14.312465753424657,6.436712328767124,102.2
1893,14.312465753424657,6.436712328767124,23.6
1893,14.312465753424657,6.436712328767124,29.8
1893,14.312465753424657,6.436712328767124,50.0
1893,14.312465753424657,6.436712328767124,53.2
1893,14.312465753424657,6.436712328767124,74.2
1893,14.312465753424657,6.436712328767124,113.7
1893,14.312465753424657,6.436712328767124,58.2
1893,14.312465753424657,6.436712328767124,81.4
1893,14.312465753424657,6.436712328767124,65.3
1893,14.312465753424657,6.436712328767124,116.7
1894,13.65062704997106,5.947601292687633,131.9
1894,13.65062704997106,5.947601292687633,94.9
1894,13.65062704997106,5.947601292687633,62.2
1894,13.65062704997106,5.947601292687633,107.6
1894,13.65062704997106,5.947601292687633,72.3
1894,13.65062704997106,5.947601292687633,62.8
1894,13.65062704997106,5.947601292687633,114.1
1894,13.65062704997106,5.947601292687633,88.7
1894,13.65062704997106,5.947601292687633,16.3
1894,13.65062704997106,5.947601292687633,123.3
1894,13.65062704997106,5.947601292687633,116.4
1894,13.65062704997106,5.947601292687633,97.2
1895,14.056645576967727,6.2237404225679125,103.4
1895,14.056645576967727,6.2237404225679125,29.8
1895,14.056645576967727,6.2237404225679125,99.5
1895,14.056645576967727,6.2237404225679125,57.7
1895,14.056645576967727,6.2237404225679125,18.3
1895,14.056645576967727,6.2237404225679125,59.2
1895,14.056645576967727,6.2237404225679125,124.4
1895,14.056645576967727,6.2237404225679125,139.0
1895,14.056645576967727,6.2237404225679125,28.5
1895,14.056645576967727,6.2237404225679125,104.3
1895,14.056645576967727,6.2237404225679125,141.8
1895,14.056645576967727,6.2237404225679125,155.0
1896,13.622404371584699,5.942896174863388,48.8
1896,13.622404371584699,5.942896174863388,56.5
1896,13.622404371584699,5.942896174863388,119.7
1896,13.622404371584699,5.942896174863388,35.5
1896,13.622404371584699,5.942896174863388,11.2
1896,13.622404371584699,5.942896174863388,70.7
1896,13.622404371584699,5.942896174863388,148.5
1896,13.622404371584699,5.942896174863388,59.9
1896,13.622404371584699,5.942896174863388,159.2
1896,13.622404371584699,5.942896174863388,101.0
1896,13.622404371584699,5.942896174863388,34.8
1896,13.622404371584699,5.942896174863388,165.6
1897,13.351780821917808,6.107123287671232,73.1
1897,13.351780821917808,6.107123287671232,72.5
1897,13.351780821917808,6.107123287671232,147.3
1897,13.351780821917808,6.107123287671232,112.0
1897,13.351780821917808,6.107123287671232,47.8
1897,13.351780821917808,6.107123287671232,119.6
1897,13.351780821917808,6.107123287671232,60.6
1897,13.351780821917808,6.107123287671232,149.4
1897,13.351780821917808,6.107123287671232,77.3
1897,13.351780821917808,6.107123287671232,90.1
1897,13.351780821917808,6.107123287671232,127.6
1897,13.351780821917808,6.107123287671232,139.9
1898,13.844657534246576,6.64931506849315,78.5
1898,13.844657534246576,6.64931506849315,79.1
1898,13.844657534246576,6.64931506849315,34.1
1898,13.844657534246576,6.64931506849315,109.8
1898,13.844657534246576,6.64931506849315,89.4
1898,13.844657534246576,6.64931506849315,77.7
1898,13.844657534246576,6.64931506849315,31.9
1898,13.844657534246576,6.64931506849315,132.8
1898,13.844657534246576,6.64931506849315,88.4
1898,13.844657534246576,6.64931506849315,123.5
1898,13.844657534246576,6.64931506849315,122.7
1898,13.844657534246576,6.64931506849315,95.1
1899,13.912843594761402,6.126838401324703,133.4
1899,13.912843594761402,6.126838401324703,100.1
1899,13.912843594761402,6.126838401324703,52.7
1899,13.912843594761402,6.126838401324703,98.6
1899,13.912843594761402,6.126838401324703,87.8
1899,13.912843594761402,6.126838401324703,60.3
1899,13.912843594761402,6.126838401324703,77.0
1899,13.912843594761402,6.126838401324703,67.9
1899,13.912843594761402,6.126838401324703,82.4
1899,13.912843594761402,6.126838401324703,57.9
1899,13.912843594761402,6.126838401324703,92.9
1899,13.912843594761402,6.126838401324703,184.8
1900,13.3886301369863,5.7217808219178075,114.4
1900,13.3886301369863,5.7217808219178075,108.9
1900,13.3886301369863,5.7217808219178075,26.1
1900,13.3886301369863,5.7217808219178075,67.5
1900,13.3886301369863,5.7217808219178075,79.9
1900,13.3886301369863,5.7217808219178075,118.2
1900,13.3886301369863,5.7217808219178075,75.7
1900,13.3886301369863,5.7217808219178075,135.3
1900,13.3886301369863,5.7217808219178075,46.7
1900,13.3886301369863,5.7217808219178075,133.9
1900,13.3886301369863,5.7217808219178075,166.8
1900,13.3886301369863,5.7217808219178075,144.3
1901,13.334981457655338,5.5001876939377885,108.7
1901,13.334981457655338,5.5001876939377885,42.9
1901,13.334981457655338,5.5001876939377885,80.6
1901,13.334981457655338,5.5001876939377885,81.1
1901,13.334981457655338,5.5001876939377885,49.1
1901,13.334981457655338,5.5001876939377885,75.6
1901,13.334981457655338,5.5001876939377885,33.3
1901,13.334981457655338,5.5001876939377885,98.6
1901,13.334981457655338,5.5001876939377885,133.6
1901,13.334981457655338,5.5001876939377885,107.6
1901,13.334981457655338,5.5001876939377885,96.4
1901,13.334981457655338,5.5001876939377885,118.5
1902,13.024226253198858,5.650248758091223,70.9
1902,13.024226253198858,5.650248758091223,83.5
1902,13.024226253198858,5.650248758091223,67.2
1902,13.024226253198858,5.650248758091223,73.1
1902,13.024226253198858,5.650248758091223,69.5
1902,13.024226253198858,5.650248758091223,74.0
1902,13.024226253198858,5.650248758091223,80.7
1902,13.024226253198858,5.650248758091223,76.2
1902,13.024226253198858,5.650248758091223,86.8
1902,13.024226253198858,5.650248758091223,69.9
1902,13.024226253198858,5.650248758091223,144.8
1902,13.024226253198858,5.650248758091223,96.4
1903,12.954109589041096,5.332465753424657,161.1
1903,12.954109589041096,5.332465753424657,97.8
1903,12.954109589041096,5.332465753424657,168.6
1903,12.954109589041096,5.332465753424657,49.1
1903,12.954109589041096,5.332465753424657,70.7
1903,12.954109589041096,5.332465753424657,68.1
1903,12.954109589041096,5.332465753424657,129.9
1903,12.954109589041096,5.332465753424657,150.5
1903,12.954109589041096,5.332465753424657,106.0
1903,12.954109589041096,5.332465753424657,156.0
1903,12.954109589041096,5.332465753424657,73.2
1903,12.954109589041096,5.332465753424657,104.2
1904,13.163621839399834,5.6670278781142915,120.1
1904,13.163621839399834,5.6670278781142915,133.1
1904,13.163621839399834,5.6670278781142915,77.1
1904,13.163621839399834,5.6670278781142915,60.5
1904,13.163621839399834,5.6670278781142915,65.3
1904,13.163621839399834,5.6670278781142915,54.8
1904,13.163621839399834,5.6670278781142915,99.8
1904,13.163621839399834,5.6670278781142915,114.2
1904,13.163621839399834,5.6670278781142915,96.1
1904,13.163621839399834,5.6670278781142915,64.9
1904,13.163621839399834,5.6670278781142915,75.2
1904,13.163621839399834,5.6670278781142915,83.1
1905,13.467520206428112,5.907180207187038,75.3
1905,13.467520206428112,5.907180207187038,54.1
1905,13.467520206428112,5.907180207187038,135.1
1905,13.467520206428112,5.907180207187038,77.9
1905,13.467520206428112,5.907180207187038,37.3
1905,13.467520206428112,5.907180207187038,55.5
1905,13.467520206428112,5.907180207187038,49.2
1905,13.467520206428112,5.907180207187038,157.4
1905,13.467520206428112,5.907180207187038,52.7
1905,13.467520206428112,5.907180207187038,47.7
1905,13.467520206428112,5.907180207187038,113.9
1905,13.467520206428112,5.907180207187038,75.8
1906,13.403835616438357,5.847671232876713,135.2
1906,13.403835616438357,5.847671232876713,84.4
1906,13.403835616438357,5.847671232876713,67.6
1906,13.403835616438357,5.847671232876713,52.4
1906,13.403835616438357,5.847671232876713,99.0
1906,13.403835616438357,5.847671232876713,49.0
1906,13.403835616438357,5.847671232876713,64.8
1906,13.403835616438357,5.847671232876713,87.1
1906,13.403835616438357,5.847671232876713,34.5
1906,13.403835616438357,5.847671232876713,131.7
1906,13.403835616438357,5.847671232876713,72.5
1906,13.403835616438357,5.847671232876713,90.0
1907,13.075205479452055,5.534246575342467,47.0
1907,13.075205479452055,5.534246575342467,63.6
1907,13.075205479452055,5.534246575342467,75.6
1907,13.075205479452055,5.534246575342467,75.9
1907,13.075205479452055,5.534246575342467,104.7
1907,13.075205479452055,5.534246575342467,111.4
1907,13.075205479452055,5.534246575342467,69.7
1907,13.075205479452055,5.534246575342467,95.8
1907,13.075205479452055,5.534246575342467,40.0
1907,13.075205479452055,5.534246575342467,140.7
1907,13.075205479452055,5.534246575342467,92.7
1907,13.075205479452055,5.534246575342467,130.3
1908,13.698091205506747,6.123950125290584,84.4
1908,13.698091205506747,6.123950125290584,67.2
1908,13.698091205506747,6.123950125290584,106.3
1908,13.698091205506747,6.123950125290584,67.0
1908,13.698091205506747,6.123950125290584,74.4
1908,13.698091205506747,6.123950125290584,51.0
1908,13.698091205506747,6.123950125290584,81.3
1908,13.698091205506747,6.123950125290584,97.7
1908,13.698091205506747,6.123950125290584,151.4
1908,13.698091205506747,6.123950125290584,60.5
1908,13.698091205506747,6.123950125290584,73.7
1908,13.698091205506747,6.123950125290584,116.4
1909,12.996325276059652,5.136656547641635,72.8
1909,12.996325276059652,5.136656547641635,53.1
1909,12.996325276059652,5.136656547641635,91.9
1909,12.996325276059652,5.136656547641635,128.0
1909,12.996325276059652,5.136656547641635,52.0
1909,12.996325276059652,5.136656547641635,53.6
1909,12.996325276059652,5.136656547641635,75.7
1909,12.996325276059652,5.136656547641635,40.4
1909,12.996325276059652,5.136656547641635,63.1
1909,12.996325276059652,5.136656547641635,158.4
1909,12.996325276059652,5.136656547641635,49.7
1909,12.996325276059652,5.136656547641635,120.8
1910,12.96958904109589,5.607534246575343,101.1
1910,12.96958904109589,5.607534246575343,145.4
1910,12.96958904109589,5.607534246575343,67.5
1910,12.96958904109589,5.607534246575343,67.6
1910,12.96958904109589,5.607534246575343,65.0
1910,12.96958904109589,5.607534246575343,108.8
1910,12.96958904109589,5.607534246575343,88.8
1910,12.96958904109589,5.607534246575343,155.0
1910,12.96958904109589,5.607534246575343,28.7
1910,12.96958904109589,5.607534246575343,69.9
1910,12.96958904109589,5.607534246575343,114.7
1910,12.96958904109589,5.607534246575343,115.7
1911,13.834486677705854,5.643013322294144,46.7
1911,13.834486677705854,5.643013322294144,81.8
1911,13.834486677705854,5.643013322294144,56.6
1911,13.834486677705854,5.643013322294144,67.2
1911,13.834486677705854,5.643013322294144,56.2
1911,13.834486677705854,5.643013322294144,55.1
1911,13.834486677705854,5.643013322294144,80.3
1911,13.834486677705854,5.643013322294144,65.2
1911,13.834486677705854,5.643013322294144,73.4
1911,13.834486677705854,5.643013322294144,110.6
1911,13.834486677705854,5.643013322294144,130.9
1911,13.834486677705854,5.643013322294144,195.3
1912,13.140531294485008,5.171760343481655,114.2
1912,13.140531294485008,5.171760343481655,105.3
1912,13.140531294485008,5.171760343481655,122.6
1912,13.140531294485008,5.171760343481655,34.5
1912,13.140531294485008,5.171760343481655,38.5
1912,13.140531294485008,5.171760343481655,144.5
1912,13.140531294485008,5.171760343481655,117.3
1912,13.140531294485008,5.171760343481655,133.5
1912,13.140531294485008,5.171760343481655,25.2
1912,13.140531294485008,5.171760343481655,84.2
1912,13.140531294485008,5.171760343481655,75.4
1912,13.140531294485008,5.171760343481655,128.7
1913,13.596337519025877,4.516004566210046,173.0
1913,13.596337519025877,4.516004566210046,53.2
1913,13.596337519025877,4.516004566210046,106.6
1913,13.596337519025877,4.516004566210046,104.9
1913,13.596337519025877,4.516004566210046,114.2
1913,13.596337519025877,4.516004566210046,71.8
1913,13.596337519025877,4.516004566210046,24.3
1913,13.596337519025877,4.516004566210046,37.1
1913,13.596337519025877,4.516004566210046,107.1
1913,13.596337519025877,4.516004566210046,124.3
1913,13.596337519025877,4.516004566210046,120.4
1913,13.596337519025877,4.516004566210046,80.7
1914,13.734424008852596,5.478829320410577,59.6
1914,13.734424008852596,5.478829320410577,149.9
1914,13.734424008852596,5.478829320410577,125.5
1914,13.734424008852596,5.478829320410577,45.8
1914,13.734424008852596,5.478829320410577,52.1
1914,13.734424008852596,5.478829320410577,31.5
1914,13.734424008852596,5.478829320410577,85.4
1914,13.734424008852596,5.478829320410577,125.8
1914,13.734424008852596,5.478829320410577,62.7
1914,13.734424008852596,5.478829320410577,56.3
1914,13.734424008852596,5.478829320410577,117.7
1914,13.734424008852596,5.478829320410577,211.0
1915,12.853880440702106,4.653385279209083,102.7
1915,12.853880440702106,4.653385279209083,140.3
1915,12.853880440702106,4.653385279209083,31.1
1915,12.853880440702106,4.653385279209083,55.7
1915,12.853880440702106,4.653385279209083,47.3
1915,12.853880440702106,4.653385279209083,48.9
1915,12.853880440702106,4.653385279209083,134.2
1915,12.853880440702106,4.653385279209083,83.2
1915,12.853880440702106,4.653385279209083,49.4
1915,12.853880440702106,4.653385279209083,118.4
1915,12.853880440702106,4.653385279209083,89.2
1915,12.853880440702106,4.653385279209083,170.3
1916,12.813158822492507,5.217202297966444,75.5
1916,12.813158822492507,5.217202297966444,122.5
1916,12.813158822492507,5.217202297966444,58.6
1916,12.813158822492507,5.217202297966444,94.8
1916,12.813158822492507,5.217202297966444,113.8
1916,12.813158822492507,5.217202297966444,66.3
1916,12.813158822492507,5.217202297966444,59.6
1916,12.813158822492507,5.217202297966444,84.5
1916,12.813158822492507,5.217202297966444,55.2
1916,12.813158822492507,5.217202297966444,206.2
1916,12.813158822492507,5.217202297966444,162.9
1916,12.813158822492507,5.217202297966444,93.6
1917,12.524619305511308,4.595574227460975,62.1
1917,12.524619305511308,4.595574227460975,48.4
1917,12.524619305511308,4.595574227460975,83.2
1917,12.524619305511308,4.595574227460975,48.5
1917,12.524619305511308,4.595574227460975,87.6
1917,12.524619305511308,4.595574227460975,60.3
1917,12.524619305511308,4.595574227460975,67.9
1917,12.524619305511308,4.595574227460975,195.7
1917,12.524619305511308,4.595574227460975,56.7
1917,12.524619305511308,4.595574227460975,139.6
1917,12.524619305511308,4.595574227460975,99.3
1917,12.524619305511308,4.595574227460975,71.2
1918,13.804931506849314,5.117123287671233,102.0
1918,13.804931506849314,5.117123287671233,124.1
1918,13.804931506849314,5.117123287671233,53.0
1918,13.804931506849314,5.117123287671233,38.9
1918,13.804931506849314,5.117123287671233,64.3
1918,13.804931506849314,5.117123287671233,45.5
1918,13.804931506849314,5.117123287671233,100.4
1918,13.804931506849314,5.117123287671233,76.3
1918,13.804931506849314,5.117123287671233,174.0
1918,13.804931506849314,5.117123287671233,120.7
1918,13.804931506849314,5.117123287671233,97.4
1918,13.804931506849314,5.117123287671233,145.2
1919,13.089376674064436,4.457850692584373,116.6
1919,13.089376674064436,4.457850692584373,64.3
1919,13.089376674064436,4.457850692584373,80.7
1919,13.089376674064436,4.457850692584373,48.8
1919,13.089376674064436,4.457850692584373,78.7
1919,13.089376674064436,4.457850692584373,66.3
1919,13.089376674064436,4.457850692584373,34.3
1919,13.089376674064436,4.457850692584373,82.0
1919,13.089376674064436,4.457850692584373,73.6
1919,13.089376674064436,4.457850692584373,38.0
1919,13.089376674064436,4.457850692584373,73.2
1919,13.089376674064436,4.457850692584373,160.9
1920,13.32899705758722,5.179265657839428,144.3
1920,13.32899705758722,5.179265657839428,66.9
1920,13.32899705758722,5.179265657839428,102.0
1920,13.32899705758722,5.179265657839428,102.6
1920,13.32899705758722,5.179265657839428,103.5
1920,13.32899705758722,5.179265657839428,53.7
1920,13.32899705758722,5.179265657839428,125.4
1920,13.32899705758722,5.179265657839428,70.3
1920,13.32899705758722,5.179265657839428,66.5
1920,13.32899705758722,5.179265657839428,130.4
1920,13.32899705758722,5.179265657839428,105.1
1920,13.32899705758722,5.179265657839428,104.1
1921,14.51628733089424,6.019609886837403,110.5
1921,14.51628733089424,6.019609886837403,47.2
1921,14.51628733089424,6.019609886837403,94.7
1921,14.51628733089424,6.019609886837403,26.1
1921,14.51628733089424,6.019609886837403,60.5
1921,14.51628733089424,6.019609886837403,8.4
1921,14.51628733089424,6.019609886837403,106.6
1921,14.51628733089424,6.019609886837403,112.5
1921,14.51628733089424,6.019609886837403,41.6
1921,14.51628733089424,6.019609886837403,86.3
1921,14.51628733089424,6.019609886837403,110.8
1921,14.51628733089424,6.019609886837403,91.8
1922,13.090893854748604,4.519641463227979,120.5
1922,13.090893854748604,4.519641463227979,108.7
1922,13.090893854748604,4.519641463227979,58.8
1922,13.090893854748604,4.519641463227979,82.1
1922,13.090893854748604,4.519641463227979,49.6
1922,13.090893854748604,4.519641463227979,46.9
1922,13.090893854748604,4.519641463227979,93.6
1922,13.090893854748604,4.519641463227979,111.6
1922,13.090893854748604,4.519641463227979,88.5
1922,13.090893854748604,4.519641463227979,39.1
1922,13.090893854748604,4.519641463227979,50.6
1922,13.090893854748604,4.519641463227979,111.0
1923,12.82122835163931,5.092979143527089,82.9
1923,12.82122835163931,5.092979143527089,174.1
1923,12.82122835163931,5.092979143527089,70.5
1923,12.82122835163931,5.092979143527089,97.2
1923,12.82122835163931,5.092979143527089,46.2
1923,12.82122835163931,5.092979143527089,29.1
1923,12.82122835163931,5.092979143527089,79.3
1923,12.82122835163931,5.092979143527089,156.8
1923,12.82122835163931,5.092979143527089,108.4
1923,12.82122835163931,5.092979143527089,123.1
1923,12.82122835163931,5.092979143527089,97.6
1923,12.82122835163931,5.092979143527089,98.9
1924,13.137320952017864,5.052682769638545,152.6
1924,13.137320952017864,5.052682769638545,48.3
1924,13.137320952017864,5.052682769638545,36.1
1924,13.137320952017864,5.052682769638545,86.5
1924,13.137320952017864,5.052682769638545,104.3
1924,13.137320952017864,5.052682769638545,98.3
1924,13.137320952017864,5.052682769638545,107.8
1924,13.137320952017864,5.052682769638545,118.7
1924,13.137320952017864,5.052682769638545,164.0
1924,13.137320952017864,5.052682769638545,100.4
1924,13.137320952017864,5.052682769638545,111.1
1924,13.137320952017864,5.052682769638545,165.7
1925,13.166027397260274,4.528219178082192,118.0
1925,13.166027397260274,4.528219178082192,123.0
1925,13.166027397260274,4.528219178082192,27.0
1925,13.166027397260274,4.528219178082192,106.5
1925,13.166027397260274,4.528219178082192,132.2
1925,13.166027397260274,4.528219178082192,15.6
1925,13.166027397260274,4.528219178082192,89.3
1925,13.166027397260274,4.528219178082192,72.8
1925,13.166027397260274,4.528219178082192,76.4
1925,13.166027397260274,4.528219178082192,105.5
1925,13.166027397260274,4.528219178082192,73.1
1925,13.166027397260274,4.528219178082192,85.7
1926,13.837260273972603,5.256301369863014,183.1
1926,13.837260273972603,5.256301369863014,90.9
1926,13.837260273972603,5.256301369863014,42.4
1926,13.837260273972603,5.256301369863014,63.3
1926,13.837260273972603,5.256301369863014,84.9
1926,13.837260273972603,5.256301369863014,76.3
1926,13.837260273972603,5.256301369863014,79.8
1926,13.837260273972603,5.256301369863014,88.3
1926,13.837260273972603,5.256301369863014,59.1
1926,13.837260273972603,5.256301369863014,92.0
1926,13.837260273972603,5.256301369863014,145.4
1926,13.837260273972603,5.256301369863014,31.1
1927,13.365068493150686,4.911506849315069,127.3
1927,13.365068493150686,4.911506849315069,72.7
1927,13.365068493150686,4.911506849315069,109.5
1927,13.365068493150686,4.911506849315069,48.6
1927,13.365068493150686,4.911506849315069,47.7
1927,13.365068493150686,4.911506849315069,93.3
1927,13.365068493150686,4.911506849315069,97.4
1927,13.365068493150686,4.911506849315069,138.8
1927,13.365068493150686,4.911506849315069,115.0
1927,13.365068493150686,4.911506849315069,87.5
1927,13.365068493150686,4.911506849315069,101.7
1927,13.365068493150686,4.911506849315069,105.1
1928,13.649180327868851,4.467622950819672,155.0
1928,13.649180327868851,4.467622950819672,101.2
1928,13.649180327868851,4.467622950819672,131.9
1928,13.649180327868851,4.467622950819672,68.1
1928,13.649180327868851,4.467622950819672,45.5
1928,13.649180327868851,4.467622950819672,144.8
1928,13.649180327868851,4.467622950819672,50.6
1928,13.649180327868851,4.467622950819672,138.9
1928,13.649180327868851,4.467622950819672,67.5
1928,13.649180327868851,4.467622950819672,172.5
1928,13.649180327868851,4.467622950819672,146.1
1928,13.649180327868851,4.467622950819672,115.0
1929,13.338904109589041,4.220410958904109,56.4
1929,13.338904109589041,4.220410958904109,135.2
1929,13.338904109589041,4.220410958904109,20.0
1929,13.338904109589041,4.220410958904109,34.2
1929,13.338904109589041,4.220410958904109,76.3
1929,13.338904109589041,4.220410958904109,57.5
1929,13.338904109589041,4.220410958904109,100.1
1929,13.338904109589041,4.220410958904109,117.3
1929,13.338904109589041,4.220410958904109,32.1
1929,13.338904109589041,4.220410958904109,125.9
1929,13.338904109589041,4.220410958904109,160.9
1929,13.338904109589041,4.220410958904109,219.1
1930,12.943287671232877,4.193852927894024,155.5
1930,12.943287671232877,4.193852927894024,28.8
1930,12.943287671232877,4.193852927894024,125.3
1930,12.943287671232877,4.193852927894024,53.1
1930,12.943287671232877,4.193852927894024,53.3
1930,12.943287671232877,4.193852927894024,59.4
1930,12.943287671232877,4.193852927894024,89.4
1930,12.943287671232877,4.193852927894024,158.7
1930,12.943287671232877,4.193852927894024,115.6
1930,12.943287671232877,4.193852927894024,160.5
1930,12.943287671232877,4.193852927894024,121.2
1930,12.943287671232877,4.193852927894024,117.1
1931,13.226301369863013,4.096438356164383,83.4
1931,13.226301369863013,4.096438356164383,82.9
1931,13.226301369863013,4.096438356164383,95.2
1931,13.226301369863013,4.096438356164383,78.3
1931,13.226301369863013,4.096438356164383,117.7
1931,13.226301369863013,4.096438356164383,116.8
1931,13.226301369863013,4.096438356164383,103.6
1931,13.226301369863013,4.096438356164383,86.2
1931,13.226301369863013,4.096438356164383,77.7
1931,13.226301369863013,4.096438356164383,55.6
1931,13.226301369863013,4.096438356164383,197.5
1931,13.226301369863013,4.096438356164383,77.1
1932,13.32636612021858,5.511338797814208,122.0
1932,13.32636612021858,5.511338797814208,7.3
1932,13.32636612021858,5.511338797814208,62.1
1932,13.32636612021858,5.511338797814208,86.3
1932,13.32636612021858,5.511338797814208,89.7
1932,13.32636612021858,5.511338797814208,40.8
1932,13.32636612021858,5.511338797814208,119.5
1932,13.32636612021858,5.511338797814208,62.2
1932,13.32636612021858,5.511338797814208,84.1
1932,13.32636612021858,5.511338797814208,111.4
1932,13.32636612021858,5.511338797814208,61.7
1932,13.32636612021858,5.511338797814208,167.0
1933,13.655753424657535,6.505616438356164,93.3
1933,13.655753424657535,6.505616438356164,87.8
1933,13.655753424657535,6.505616438356164,84.5
1933,13.655753424657535,6.505616438356164,44.7
1933,13.655753424657535,6.505616438356164,84.3
1933,13.655753424657535,6.505616438356164,66.2
1933,13.655753424657535,6.505616438356164,76.3
1933,13.655753424657535,6.505616438356164,52.1
1933,13.655753424657535,6.505616438356164,33.9
1933,13.655753424657535,6.505616438356164,87.9
1933,13.655753424657535,6.505616438356164,50.5
1933,13.655753424657535,6.505616438356164,59.6
1934,13.466986301369863,6.648493150684931,108.1
1934,13.466986301369863,6.648493150684931,8.3
1934,13.466986301369863,6.648493150684931,94.9
1934,13.466986301369863,6.648493150684931,80.6
1934,13.466986301369863,6.648493150684931,69.1
1934,13.466986301369863,6.648493150684931,51.3
1934,13.466986301369863,6.648493150684931,54.4
1934,13.466986301369863,6.648493150684931,125.9
1934,13.466986301369863,6.648493150684931,160.9
1934,13.466986301369863,6.648493150684931,118.3
1934,13.466986301369863,6.648493150684931,43.8
1934,13.466986301369863,6.648493150684931,188.4
1935,12.708597814375866,6.264151916269047,41.4
1935,12.708597814375866,6.264151916269047,103.1
1935,12.708597814375866,6.264151916269047,45.5
1935,12.708597814375866,6.264151916269047,84.1
1935,12.708597814375866,6.264151916269047,33.2
1935,12.708597814375866,6.264151916269047,133.9
1935,12.708597814375866,6.264151916269047,27.4
1935,12.708597814375866,6.264151916269047,71.5
1935,12.708597814375866,6.264151916269047,155.6
1935,12.708597814375866,6.264151916269047,114.4
1935,12.708597814375866,6.264151916269047,128.1
1935,12.708597814375866,6.264151916269047,86.5
1936,12.769398907103827,6.049726775956284,144.0
1936,12.769398907103827,6.049726775956284,83.2
1936,12.769398907103827,6.049726775956284,73.8
1936,12.769398907103827,6.049726775956284,49.0
1936,12.769398907103827,6.049726775956284,38.6
1936,12.769398907103827,6.049726775956284,89.2
1936,12.769398907103827,6.049726775956284,169.5
1936,12.769398907103827,6.049726775956284,44.5
1936,12.769398907103827,6.049726775956284,106.4
1936,12.769398907103827,6.049726775956284,73.3
1936,12.769398907103827,6.049726775956284,110.2
1936,12.769398907103827,6.049726775956284,127.3
1937,12.541095890410958,5.896438356164383,174.9
1937,12.541095890410958,5.896438356164383,137.3
1937,12.541095890410958,5.896438356164383,94.3
1937,12.541095890410958,5.896438356164383,82.4
1937,12.541095890410958,5.896438356164383,55.5
1937,12.541095890410958,5.896438356164383,47.6
1937,12.541095890410958,5.896438356164383,117.1
1937,12.541095890410958,5.896438356164383,70.8
1937,12.541095890410958,5.896438356164383,102.9
1937,12.541095890410958,5.896438356164383,68.6
1937,12.541095890410958,5.896438356164383,69.2
1937,12.541095890410958,5.896438356164383,77.2
1938,13.196751791708246,6.3280914789876945,131.4
1938,13.196751791708246,6.3280914789876945,58.7
1938,13.196751791708246,6.3280914789876945,47.5
1938,13.196751791708246,6.3280914789876945,5.3
1938,13.196751791708246,6.3280914789876945,99.6
1938,13.196751791708246,6.3280914789876945,102.2
1938,13.196751791708246,6.3280914789876945,134.1
1938,13.196751791708246,6.3280914789876945,89.4
1938,13.196751791708246,6.3280914789876945,75.9
1938,13.196751791708246,6.3280914789876945,176.0
1938,13.196751791708246,6.3280914789876945,159.3
1938,13.196751791708246,6.3280914789876945,124.0
1939,13.380547945205478,6.138356164383562,130.0
1939,13.380547945205478,6.138356164383562,96.9
1939,13.380547945205478,6.138356164383562,79.7
1939,13.380547945205478,6.138356164383562,48.2
1939,13.380547945205478,6.138356164383562,30.4
1939,13.380547945205478,6.138356164383562,59.8
1939,13.380547945205478,6.138356164383562,119.1
1939,13.380547945205478,6.138356164383562,50.4
1939,13.380547945205478,6.138356164383562,59.1
1939,13.380547945205478,6.138356164383562,86.0
1939,13.380547945205478,6.138356164383562,193.5
1939,13.380547945205478,6.138356164383562,84.0
1940,14.046251548946717,6.731472565868325,106.2
1940,14.046251548946717,6.731472565868325,127.5
1940,14.046251548946717,6.731472565868325,95.0
1940,14.046251548946717,6.731472565868325,97.9
1940,14.046251548946717,6.731472565868325,47.8
1940,14.046251548946717,6.731472565868325,35.5
1940,14.046251548946717,6.731472565868325,95.2
1940,14.046251548946717,6.731472565868325,18.2
1940,14.046251548946717,6.731472565868325,65.3
1940,14.046251548946717,6.731472565868325,177.0
1940,14.046251548946717,6.731472565868325,139.4
1940,14.046251548946717,6.731472565868325,114.6
1941,12.775479452054793,5.767808219178082,106.3
1941,12.775479452054793,5.767808219178082,107.6
1941,12.775479452054793,5.767808219178082,86.8
1941,12.775479452054793,5.767808219178082,45.4
1941,12.775479452054793,5.767808219178082,68.9
1941,12.775479452054793,5.767808219178082,25.2
1941,12.775479452054793,5.767808219178082,75.4
1941,12.775479452054793,5.767808219178082,93.6
1941,12.775479452054793,5.767808219178082,32.0
1941,12.775479452054793,5.767808219178082,92.3
1941,12.775479452054793,5.767808219178082,167.5
1941,12.775479452054793,5.767808219178082,62.4
1942,13.032602739726027,5.759315068493151,150.3
1942,13.032602739726027,5.759315068493151,39.2
1942,13.032602739726027,5.759315068493151,97.6
1942,13.032602739726027,5.759315068493151,62.5
1942,13.032602739726027,5.759315068493151,112.8
1942,13.032602739726027,5.759315068493151,13.1
1942,13.032602739726027,5.759315068493151,93.3
1942,13.032602739726027,5.759315068493151,124.7
1942,13.032602739726027,5.759315068493151,116.0
1942,13.032602739726027,5.759315068493151,66.1
1942,13.032602739726027,5.759315068493151,24.2
1942,13.032602739726027,5.759315068493151,140.1
1943,13.370821917808218,6.341643835616439,175.8
1943,13.370821917808218,6.341643835616439,55.2
1943,13.370821917808218,6.341643835616439,33.5
1943,13.370821917808218,6.341643835616439,54.9
1943,13.370821917808218,6.341643835616439,103.5
1943,13.370821917808218,6.341643835616439,80.3
1943,13.370821917808218,6.341643835616439,61.8
1943,13.370821917808218,6.341643835616439,119.4
1943,13.370821917808218,6.341643835616439,96.4
1943,13.370821917808218,6.341643835616439,125.7
1943,13.370821917808218,6.341643835616439,80.6
1943,13.370821917808218,6.341643835616439,72.3
1944,13.187841530054644,5.918715846994536,108.9
1944,13.187841530054644,5.918715846994536,36.9
1944,13.187841530054644,5.918715846994536,16.9
1944,13.187841530054644,5.918715846994536,68.4
1944,13.187841530054644,5.918715846994536,45.6
1944,13.187841530054644,5.918715846994536,58.2
1944,13.187841530054644,5.918715846994536,97.1
1944,13.187841530054644,5.918715846994536,77.5
1944,13.187841530054644,5.918715846994536,132.9
1944,13.187841530054644,5.918715846994536,139.1
1944,13.187841530054644,5.918715846994536,160.3
1944,13.187841530054644,5.918715846994536,120.9
1945,14.126986301369863,6.790821917808219,88.2
1945,14.126986301369863,6.790821917808219,102.8
1945,14.126986301369863,6.790821917808219,42.3
1945,14.126986301369863,6.790821917808219,43.0
1945,14.126986301369863,6.790821917808219,98.5
1945,14.126986301369863,6.790821917808219,108.8
1945,14.126986301369863,6.790821917808219,114.4
1945,14.126986301369863,6.790821917808219,59.1
1945,14.126986301369863,6.790821917808219,92.1
1945,14.126986301369863,6.790821917808219,105.4
1945,14.126986301369863,6.790821917808219,34.2
1945,14.126986301369863,6.790821917808219,137.4
1946,12.961506849315068,5.82972602739726,125.4
1946,12.961506849315068,5.82972602739726,88.0
1946,12.961506849315068,5.82972602739726,59.2
1946,12.961506849315068,5.82972602739726,34.1
1946,12.961506849315068,5.82972602739726,64.7
1946,12.961506849315068,5.82972602739726,99.3
1946,12.961506849315068,5.82972602739726,88.1
1946,12.961506849315068,5.82972602739726,150.8
1946,12.961506849315068,5.82972602739726,162.9
1946,12.961506849315068,5.82972602739726,68.7
1946,12.961506849315068,5.82972602739726,136.6
1946,12.961506849315068,5.82972602739726,136.3
1947,12.96054794520548,6.004246575342465,135.9
1947,12.96054794520548,6.004246575342465,71.9
1947,12.96054794520548,6.004246575342465,184.8
1947,12.96054794520548,6.004246575342465,104.9
1947,12.96054794520548,6.004246575342465,115.2
1947,12.96054794520548,6.004246575342465,122.9
1947,12.96054794520548,6.004246575342465,92.0
1947,12.96054794520548,6.004246575342465,27.8
1947,12.96054794520548,6.004246575342465,79.7
1947,12.96054794520548,6.004246575342465,71.7
1947,12.96054794520548,6.004246575342465,134.6
1947,12.96054794520548,6.004246575342465,106.0
1948,13.690710382513661,6.315437158469946,200.5
1948,13.690710382513661,6.315437158469946,67.6
1948,13.690710382513661,6.315437158469946,74.8
1948,13.690710382513661,6.315437158469946,65.5
1948,13.690710382513661,6.315437158469946,59.9
1948,13.690710382513661,6.315437158469946,91.0
1948,13.690710382513661,6.315437158469946,70.8
1948,13.690710382513661,6.315437158469946,98.2
1948,13.690710382513661,6.315437158469946,93.6
1948,13.690710382513661,6.315437158469946,106.8
1948,13.690710382513661,6.315437158469946,94.0
1948,13.690710382513661,6.315437158469946,199.0
1949,14.464657534246577,6.7163013698630145,71.6
1949,14.464657534246577,6.7163013698630145,71.5
1949,14.464657534246577,6.7163013698630145,57.5
1949,14.464657534246577,6.7163013698630145,75.9
1949,14.464657534246577,6.7163013698630145,60.9
1949,14.464657534246577,6.7163013698630145,30.8
1949,14.464657534246577,6.7163013698630145,62.3
1949,14.464657534246577,6.7163013698630145,104.1
1949,14.464657534246577,6.7163013698630145,63.4
1949,14.464657534246577,6.7163013698630145,157.2
1949,14.464657534246577,6.7163013698630145,102.5
1949,14.464657534246577,6.7163013698630145,115.2
1950,13.13931506849315,5.783287671232877,68.8
1950,13.13931506849315,5.783287671232877,138.7
1950,13.13931506849315,5.783287671232877,57.6
1950,13.13931506849315,5.783287671232877,89.0
1950,13.13931506849315,5.783287671232877,31.8
1950,13.13931506849315,5.783287671232877,61.2
1950,13.13931506849315,5.783287671232877,126.1
1950,13.13931506849315,5.783287671232877,152.1
1950,13.13931506849315,5.783287671232877,164.1
1950,13.13931506849315,5.783287671232877,88.3
1950,13.13931506849315,5.783287671232877,93.5
1950,13.13931506849315,5.783287671232877,99.2
1951,12.86958904109589,5.448904109589041,125.4
1951,12.86958904109589,5.448904109589041,98.6
1951,12.86958904109589,5.448904109589041,85.8
1951,12.86958904109589,5.448904109589041,49.7
1951,12.86958904109589,5.448904109589041,56.6
1951,12.86958904109589,5.448904109589041,53.6
1951,12.86958904109589,5.448904109589041,68.9
1951,12.86958904109589,5.448904109589041,134.6
1951,12.86958904109589,5.448904109589041,128.7
1951,12.86958904109589,5.448904109589041,53.3
1951,12.86958904109589,5.448904109589041,153.6
1951,12.86958904109589,5.448904109589041,162.3
1952,12.677145259112473,5.316232810904943,127.0
1952,12.677145259112473,5.316232810904943,24.9
1952,12.677145259112473,5.316232810904943,67.6
1952,12.677145259112473,5.316232810904943,64.3
1952,12.677145259112473,5.316232810904943,65.2
1952,12.677145259112473,5.316232810904943,63.5
1952,12.677145259112473,5.316232810904943,33.0
1952,12.677145259112473,5.316232810904943,100.0
1952,12.677145259112473,5.316232810904943,53.6
1952,12.677145259112473,5.316232810904943,145.7
1952,12.677145259112473,5.316232810904943,79.7
1952,12.677145259112473,5.316232810904943,104.7
1953,14.118082191780823,5.657808219178082,40.3
1953,14.118082191780823,5.657808219178082,47.5
1953,14.118082191780823,5.657808219178082,19.9
1953,14.118082191780823,5.657808219178082,72.9
1953,14.118082191780823,5.657808219178082,59.8
1953,14.118082191780823,5.657808219178082,43.6
1953,14.118082191780823,5.657808219178082,129.0
1953,14.118082191780823,5.657808219178082,96.0
1953,14.118082191780823,5.657808219178082,107.8
1953,14.118082191780823,5.657808219178082,88.0
1953,14.118082191780823,5.657808219178082,104.3
1953,14.118082191780823,5.657808219178082,87.8
1954,13.155068493150686,5.341643835616439,79.4
1954,13.155068493150686,5.341643835616439,117.0
1954,13.155068493150686,5.341643835616439,101.5
1954,13.155068493150686,5.341643835616439,28.7
1954,13.155068493150686,5.341643835616439,104.3
1954,13.155068493150686,5.341643835616439,65.9
1954,13.155068493150686,5.341643835616439,89.4
1954,13.155068493150686,5.341643835616439,79.1
1954,13.155068493150686,5.341643835616439,129.3
1954,13.155068493150686,5.341643835616439,173.9
1954,13.155068493150686,5.341643835616439,145.0
1954,13.155068493150686,5.341643835616439,128.0
1955,13.436986301369863,5.250958904109589,111.9
1955,13.436986301369863,5.250958904109589,100.7
1955,13.436986301369863,5.250958904109589,39.6
1955,13.436986301369863,5.250958904109589,71.5
1955,13.436986301369863,5.250958904109589,91.7
1955,13.436986301369863,5.250958904109589,129.2
1955,13.436986301369863,5.250958904109589,18.9
1955,13.436986301369863,5.250958904109589,47.1
1955,13.436986301369863,5.250958904109589,83.0
1955,13.436986301369863,5.250958904109589,58.9
1955,13.436986301369863,5.250958904109589,87.7
1955,13.436986301369863,5.250958904109589,138.8
1956,12.955464480874316,5.383333333333333,106.8
1956,12.955464480874316,5.383333333333333,35.2
1956,12.955464480874316,5.383333333333333,86.4
1956,12.955464480874316,5.383333333333333,29.2
1956,12.955464480874316,5.383333333333333,44.7
1956,12.955464480874316,5.383333333333333,78.1
1956,12.955464480874316,5.383333333333333,119.8
1956,12.955464480874316,5.383333333333333,141.2
1956,12.955464480874316,5.383333333333333,122.6
1956,12.955464480874316,5.383333333333333,73.9
1956,12.955464480874316,5.383333333333333,66.7
1956,12.955464480874316,5.383333333333333,161.5
1957,13.665205479452055,5.967671232876712,127.1
1957,13.665205479452055,5.967671232876712,92.4
1957,13.665205479452055,5.967671232876712,128.7
1957,13.665205479452055,5.967671232876712,33.1
1957,13.665205479452055,5.967671232876712,59.5
1957,13.665205479452055,5.967671232876712,47.1
1957,13.665205479452055,5.967671232876712,100.2
1957,13.665205479452055,5.967671232876712,87.9
1957,13.665205479452055,5.967671232876712,166.0
1957,13.665205479452055,5.967671232876712,110.1
1957,13.665205479452055,5.967671232876712,44.0
1957,13.665205479452055,5.967671232876712,112.7
1958,13.007671232876714,5.905753424657534,131.4
1958,13.007671232876714,5.905753424657534,121.0
1958,13.007671232876714,5.905753424657534,81.3
1958,13.007671232876714,5.905753424657534,34.5
1958,13.007671232876714,5.905753424657534,110.0
1958,13.007671232876714,5.905753424657534,127.9
1958,13.007671232876714,5.905753424657534,121.2
1958,13.007671232876714,5.905753424657534,141.8
1958,13.007671232876714,5.905753424657534,139.9
1958,13.007671232876714,5.905753424657534,71.9
1958,13.007671232876714,5.905753424657534,69.1
1958,13.007671232876714,5.905753424657534,130.9
